CPU,PSI,Friction,Energy,Output,TriggeredCount,TriggeredRate,AvgAlphaAllSteps,MaxAlpha
High,Medium,Short,Short,Moderate,2066,0.579361,0.225663,0.969288
High,Medium,Moderate,Short,Moderate,2057,0.576837,0.059667,0.990188
High,High,Moderate,Short,Moderate,1780,0.499159,0.090920,1.000000
High,High,Short,Short,Moderate,1741,0.488222,0.219332,1.000000
High,Medium,UnderUtilized,Short,Short,1668,0.467751,0.196611,0.906850
High,High,UnderUtilized,Short,Moderate,1263,0.354178,0.101693,0.906188
High,High,Moderate,Moderate,Long,600,0.168256,0.011571,0.618639
High,Medium,Moderate,Moderate,Long,583,0.163489,0.010508,0.696856
High,Medium,Short,Moderate,Moderate,568,0.159282,0.011130,0.789272
High,High,Short,Moderate,Moderate,561,0.157319,0.010890,0.801365
Normal,Medium,Short,Short,Short,354,0.099271,0.022257,0.948951
Normal,Medium,Moderate,Short,Moderate,335,0.093943,0.013438,0.757277
Normal,Low,Short,Short,Short,250,0.070107,0.019076,0.987435
Normal,Medium,UnderUtilized,Short,Short,239,0.067022,0.016471,0.921913
Normal,Low,UnderUtilized,Short,UnderUtilized,232,0.065059,0.039292,1.000000
High,Medium,UnderUtilized,Moderate,Short,212,0.059450,0.004656,0.491269
Normal,Medium,Short,Moderate,Moderate,203,0.056927,0.003313,0.477217
Normal,Medium,Moderate,Moderate,Moderate,202,0.056646,0.003286,0.604516
Normal,Low,Moderate,Short,Short,172,0.048233,0.003420,0.673275
High,High,UnderUtilized,Moderate,Moderate,143,0.040101,0.003530,0.609926
Normal,Low,Short,Moderate,Short,127,0.035614,0.002073,0.162739
Normal,Low,UnderUtilized,Moderate,Short,109,0.030566,0.002048,0.901590
High,Low,Short,Short,Short,109,0.030566,0.006775,0.780538
Normal,Low,Moderate,Moderate,Moderate,107,0.030006,0.001678,0.129680
High,Low,UnderUtilized,Short,Short,96,0.026921,0.007108,0.834696
Normal,Medium,UnderUtilized,Moderate,Short,92,0.025799,0.001440,0.190191
High,Low,Moderate,Short,Moderate,86,0.024117,0.002053,0.522872
High,Low,Short,Moderate,Moderate,57,0.015984,0.000889,0.432192
High,Low,Moderate,Moderate,Long,57,0.015984,0.000649,0.129680
High,Low,UnderUtilized,Moderate,Short,44,0.012339,0.000690,0.432192
Normal,High,Moderate,Short,Moderate,34,0.009534,0.000941,0.520262
Normal,High,Short,Short,Moderate,33,0.009254,0.001443,0.687329
Normal,High,Moderate,Moderate,Long,31,0.008693,0.000245,0.086870
Normal,High,Short,Moderate,Moderate,30,0.008413,0.000269,0.108649
Normal,High,UnderUtilized,Short,Short,12,0.003365,0.001095,0.883871
High,Medium,Short,Long,Moderate,11,0.003085,0.000927,0.923857
High,Medium,Moderate,Long,Long,11,0.003085,0.000538,0.659931
High,High,Long,Short,Long,10,0.002804,0.000937,1.000000
High,High,Short,Long,Long,10,0.002804,0.000888,0.858029
High,High,Moderate,Long,Long,10,0.002804,0.000492,0.497606
High,High,Long,Moderate,Long,10,0.002804,0.000292,0.338672
Normal,High,UnderUtilized,Moderate,Moderate,9,0.002524,0.000109,0.108649
High,Medium,Long,Short,Long,8,0.002243,0.000725,0.694221
High,Medium,Long,Moderate,Long,8,0.002243,0.000250,0.326273
Normal,Low,UnderUtilized,Long,Short,3,0.000841,0.000841,1.000000
High,High,UnderUtilized,Long,Long,3,0.000841,0.000154,0.276693
High,Medium,UnderUtilized,Long,Moderate,3,0.000841,0.000162,0.244101
Normal,Low,Short,Long,Moderate,3,0.000841,0.000079,0.095129
Normal,Low,Long,Short,Moderate,2,0.000561,0.000290,0.794816
Normal,Medium,Long,Short,Moderate,2,0.000561,0.000107,0.281148
Normal,Medium,Short,Long,Moderate,2,0.000561,0.000082,0.256281
Normal,Medium,Moderate,Long,Long,2,0.000561,0.000044,0.119317
Normal,Medium,Long,Moderate,Long,2,0.000561,0.000042,0.100324
Normal,Low,Long,Moderate,Long,2,0.000561,0.000032,0.066491
High,Low,Long,Short,Long,1,0.000280,0.000067,0.239949
Normal,Medium,UnderUtilized,Long,Moderate,1,0.000280,0.000042,0.149621
High,Low,Long,Moderate,Long,1,0.000280,0.000014,0.049323
Normal,Low,Moderate,Long,Moderate,0,0.000000,0.000005,0.005414
High,Low,Moderate,Long,Long,0,0.000000,0.000000,0.000070
High,Low,Short,Long,Moderate,0,0.000000,0.000000,0.000000
Normal,Low,Long,Long,Long,0,0.000000,0.000000,0.000000
Normal,Medium,Long,Long,Long,0,0.000000,0.000000,0.000000
Normal,High,UnderUtilized,Long,Moderate,0,0.000000,0.000000,0.000000
Normal,High,Short,Long,Long,0,0.000000,0.000000,0.000000
Normal,High,Moderate,Long,Long,0,0.000000,0.000000,0.000000
Normal,High,Long,Short,Long,0,0.000000,0.000000,0.000000
Normal,High,Long,Moderate,Long,0,0.000000,0.000000,0.000000
Normal,High,Long,Long,Long,0,0.000000,0.000000,0.000000
High,Low,UnderUtilized,Long,Short,0,0.000000,0.000000,0.000000
High,Low,Long,Long,Long,0,0.000000,0.000000,0.000000
High,Medium,Long,Long,Long,0,0.000000,0.000000,0.000000
High,High,Long,Long,Long,0,0.000000,0.000000,0.000000
