CPU,PSI,Friction,Energy,Output,TriggeredCount,TriggeredRate,AvgAlphaAllSteps,MaxAlpha
High,High,Moderate,Short,Moderate,1889,0.492183,0.328103,0.999991
High,High,Short,Short,Moderate,1622,0.422616,0.114760,0.946089
High,High,Moderate,Moderate,Long,427,0.111256,0.006406,0.791691
High,High,Long,Short,Long,231,0.060188,0.039140,1.000000
High,High,Short,Moderate,Moderate,221,0.057582,0.003834,0.618718
High,High,Long,Moderate,Long,211,0.054977,0.004143,0.958927
High,Medium,Moderate,Short,Moderate,198,0.051589,0.009172,0.786711
High,Medium,Short,Short,Moderate,167,0.043512,0.008852,0.983469
Normal,Low,Short,Short,Short,151,0.039343,0.006634,0.603302
Normal,Low,UnderUtilized,Short,UnderUtilized,150,0.039083,0.034039,1.000000
High,Medium,Moderate,Moderate,Long,106,0.027619,0.001257,0.507970
High,Medium,Short,Moderate,Moderate,78,0.020323,0.000927,0.608953
Normal,Medium,Short,Short,Short,64,0.016675,0.002988,0.421014
Normal,Medium,UnderUtilized,Short,Short,62,0.016154,0.007801,0.999210
Normal,Low,Moderate,Short,Short,62,0.016154,0.000495,0.323942
Normal,High,Short,Short,Moderate,45,0.011725,0.002562,0.872176
Normal,Medium,Moderate,Short,Moderate,42,0.010943,0.000351,0.264337
Normal,High,UnderUtilized,Short,Short,40,0.010422,0.006667,1.000000
Normal,High,Moderate,Short,Moderate,29,0.007556,0.000829,0.970459
High,Medium,UnderUtilized,Short,Short,20,0.005211,0.000998,0.431676
High,Low,Short,Short,Short,13,0.003387,0.001036,0.532194
High,Low,UnderUtilized,Short,Short,12,0.003127,0.001272,0.689022
High,Medium,Long,Short,Long,12,0.003127,0.000362,0.508172
High,Low,Moderate,Short,Moderate,12,0.003127,0.000186,0.323942
Normal,Low,Short,Moderate,Short,11,0.002866,0.000938,0.132390
Normal,High,Short,Moderate,Moderate,10,0.002606,0.000217,0.243168
High,Medium,Long,Moderate,Long,10,0.002606,0.000151,0.225009
High,Medium,UnderUtilized,Moderate,Short,10,0.002606,0.000212,0.182169
Normal,Low,UnderUtilized,Moderate,Short,10,0.002606,0.000934,0.132390
Normal,High,Moderate,Moderate,Long,9,0.002345,0.000124,0.063462
Normal,Low,Moderate,Moderate,Moderate,9,0.002345,0.000818,0.047138
Normal,Medium,Short,Moderate,Moderate,8,0.002084,0.000483,0.112173
Normal,Medium,Moderate,Moderate,Moderate,7,0.001824,0.000436,0.066811
Normal,Medium,UnderUtilized,Moderate,Short,6,0.001563,0.000526,0.347951
Normal,High,UnderUtilized,Moderate,Moderate,5,0.001303,0.000331,0.356936
High,Low,Short,Moderate,Moderate,5,0.001303,0.000143,0.047138
High,Low,Moderate,Moderate,Long,5,0.001303,0.000143,0.047138
High,Low,UnderUtilized,Moderate,Short,4,0.001042,0.000139,0.047138
High,High,UnderUtilized,Short,Moderate,3,0.000782,0.000164,0.488166
High,High,UnderUtilized,Moderate,Moderate,3,0.000782,0.000010,0.013615
Normal,High,Long,Short,Long,1,0.000261,0.000061,0.233333
High,Medium,Moderate,Long,Long,1,0.000261,0.000015,0.059090
High,High,Moderate,Long,Long,1,0.000261,0.000015,0.059090
Normal,High,Long,Moderate,Long,1,0.000261,0.000015,0.056402
Normal,Medium,Long,Short,Moderate,1,0.000261,0.000009,0.034203
Normal,Medium,Long,Moderate,Long,1,0.000261,0.000009,0.034203
High,Medium,Short,Long,Moderate,0,0.000000,0.000001,0.005222
High,High,Short,Long,Long,0,0.000000,0.000001,0.005222
Normal,Low,UnderUtilized,Long,Short,0,0.000000,0.000000,0.000000
Normal,Low,Short,Long,Moderate,0,0.000000,0.000000,0.000000
Normal,Low,Moderate,Long,Moderate,0,0.000000,0.000000,0.000000
Normal,Low,Long,Short,Moderate,0,0.000000,0.000000,0.000000
Normal,Low,Long,Moderate,Long,0,0.000000,0.000000,0.000000
Normal,Low,Long,Long,Long,0,0.000000,0.000000,0.000000
Normal,Medium,UnderUtilized,Long,Moderate,0,0.000000,0.000000,0.000000
Normal,Medium,Short,Long,Moderate,0,0.000000,0.000000,0.000000
Normal,Medium,Moderate,Long,Long,0,0.000000,0.000000,0.000000
Normal,Medium,Long,Long,Long,0,0.000000,0.000000,0.000000
Normal,High,UnderUtilized,Long,Moderate,0,0.000000,0.000000,0.000000
Normal,High,Short,Long,Long,0,0.000000,0.000000,0.000000
Normal,High,Moderate,Long,Long,0,0.000000,0.000000,0.000000
Normal,High,Long,Long,Long,0,0.000000,0.000000,0.000000
High,Low,UnderUtilized,Long,Short,0,0.000000,0.000000,0.000000
High,Low,Short,Long,Moderate,0,0.000000,0.000000,0.000000
High,Low,Moderate,Long,Long,0,0.000000,0.000000,0.000000
High,Low,Long,Short,Long,0,0.000000,0.000000,0.000000
High,Low,Long,Moderate,Long,0,0.000000,0.000000,0.000000
High,Low,Long,Long,Long,0,0.000000,0.000000,0.000000
High,Medium,UnderUtilized,Long,Moderate,0,0.000000,0.000000,0.000000
High,Medium,Long,Long,Long,0,0.000000,0.000000,0.000000
High,High,UnderUtilized,Long,Long,0,0.000000,0.000000,0.000000
High,High,Long,Long,Long,0,0.000000,0.000000,0.000000
