CPU,PSI,Friction,Energy,Output,TriggeredCount,TriggeredRate,AvgAlphaAllSteps,MaxAlpha
High,Medium,Short,Short,Moderate,2093,0.484491,0.200968,0.982637
High,Medium,Moderate,Short,Moderate,2067,0.478472,0.042864,0.993351
High,Medium,UnderUtilized,Short,Short,1835,0.424769,0.174493,0.980940
High,High,Moderate,Short,Moderate,1796,0.415741,0.061907,0.999939
High,High,Short,Short,Moderate,1774,0.410648,0.179980,1.000000
High,High,UnderUtilized,Short,Moderate,1406,0.325463,0.091336,0.806449
Normal,Low,Short,Short,Short,1184,0.274074,0.038575,0.998777
Normal,Low,UnderUtilized,Short,UnderUtilized,1159,0.268287,0.239693,1.000000
Normal,Medium,Short,Short,Short,365,0.084491,0.018530,0.987350
High,High,Moderate,Moderate,Long,360,0.083333,0.007707,0.663607
High,Medium,Moderate,Moderate,Long,358,0.082870,0.006380,0.581053
High,Medium,Short,Moderate,Moderate,346,0.080093,0.006632,0.695929
High,High,Short,Moderate,Moderate,337,0.078009,0.007923,0.954872
Normal,Medium,Moderate,Short,Moderate,327,0.075694,0.008685,0.781113
Normal,Medium,UnderUtilized,Short,Short,284,0.065741,0.017093,0.838482
Normal,Low,Moderate,Short,Short,241,0.055787,0.004632,0.973971
Normal,Medium,Moderate,Moderate,Moderate,150,0.034722,0.002506,0.761658
Normal,Medium,Short,Moderate,Moderate,149,0.034491,0.002389,0.380288
High,Medium,UnderUtilized,Moderate,Short,136,0.031481,0.003342,0.315008
Normal,Low,Short,Moderate,Short,127,0.029398,0.002985,0.461235
High,Low,Short,Short,Short,124,0.028704,0.005961,0.916507
High,Low,UnderUtilized,Short,Short,110,0.025463,0.006998,0.897470
Normal,Low,Moderate,Moderate,Moderate,106,0.024537,0.002349,0.193698
Normal,Low,UnderUtilized,Moderate,Short,101,0.023380,0.003305,0.753645
High,Low,Moderate,Short,Moderate,97,0.022454,0.001493,0.432251
High,High,UnderUtilized,Moderate,Moderate,82,0.018981,0.002567,0.468036
Normal,Medium,UnderUtilized,Moderate,Short,72,0.016667,0.001176,0.315008
High,Low,Short,Moderate,Moderate,51,0.011806,0.000519,0.174953
High,Low,Moderate,Moderate,Long,51,0.011806,0.000458,0.115072
High,Low,UnderUtilized,Moderate,Short,37,0.008565,0.000392,0.174953
Normal,High,Moderate,Short,Moderate,26,0.006019,0.000616,0.419490
Normal,High,Short,Short,Moderate,26,0.006019,0.000755,0.288498
Normal,High,Short,Moderate,Moderate,18,0.004167,0.000231,0.145667
Normal,High,Moderate,Moderate,Long,18,0.004167,0.000240,0.145667
High,High,Long,Short,Long,12,0.002778,0.001083,1.000000
High,High,Long,Moderate,Long,12,0.002778,0.000320,0.359355
Normal,High,UnderUtilized,Short,Short,8,0.001852,0.000396,0.545595
Normal,Low,Short,Long,Moderate,7,0.001620,0.000356,0.624904
Normal,Low,UnderUtilized,Long,Short,6,0.001389,0.001108,1.000000
High,High,Moderate,Long,Long,6,0.001389,0.000375,0.998342
High,Medium,Long,Moderate,Long,6,0.001389,0.000208,0.674463
High,Medium,Long,Short,Long,6,0.001389,0.000288,0.665633
High,High,Short,Long,Long,5,0.001157,0.000332,0.668325
Normal,Low,Long,Short,Moderate,3,0.000694,0.000256,1.000000
Normal,Low,Long,Moderate,Long,3,0.000694,0.000053,0.183706
High,High,UnderUtilized,Long,Long,2,0.000463,0.000127,0.448877
Normal,Low,Moderate,Long,Moderate,2,0.000463,0.000116,0.447042
Normal,Medium,Short,Long,Moderate,2,0.000463,0.000098,0.292143
Normal,Medium,Moderate,Long,Long,2,0.000463,0.000131,0.292143
High,Medium,Short,Long,Moderate,2,0.000463,0.000096,0.292143
High,Medium,Moderate,Long,Long,2,0.000463,0.000123,0.292143
Normal,Medium,Long,Short,Moderate,2,0.000463,0.000025,0.081662
Normal,High,UnderUtilized,Moderate,Moderate,2,0.000463,0.000029,0.063291
Normal,Medium,Long,Moderate,Long,2,0.000463,0.000011,0.024913
High,Low,Long,Short,Long,1,0.000231,0.000006,0.024913
High,Low,Long,Moderate,Long,1,0.000231,0.000006,0.024913
Normal,Low,Long,Long,Long,0,0.000000,0.000000,0.000000
Normal,Medium,UnderUtilized,Long,Moderate,0,0.000000,0.000000,0.000000
Normal,Medium,Long,Long,Long,0,0.000000,0.000000,0.000000
Normal,High,UnderUtilized,Long,Moderate,0,0.000000,0.000000,0.000000
Normal,High,Short,Long,Long,0,0.000000,0.000000,0.000000
Normal,High,Moderate,Long,Long,0,0.000000,0.000000,0.000000
Normal,High,Long,Short,Long,0,0.000000,0.000000,0.000000
Normal,High,Long,Moderate,Long,0,0.000000,0.000000,0.000000
Normal,High,Long,Long,Long,0,0.000000,0.000000,0.000000
High,Low,UnderUtilized,Long,Short,0,0.000000,0.000000,0.000000
High,Low,Short,Long,Moderate,0,0.000000,0.000000,0.000000
High,Low,Moderate,Long,Long,0,0.000000,0.000000,0.000000
High,Low,Long,Long,Long,0,0.000000,0.000000,0.000000
High,Medium,UnderUtilized,Long,Moderate,0,0.000000,0.000000,0.000000
High,Medium,Long,Long,Long,0,0.000000,0.000000,0.000000
High,High,Long,Long,Long,0,0.000000,0.000000,0.000000
